#Columns,6,,,,,
#Header_Rows,12,,,,,
Field_Name,Sample_Name,Wet_Sediment_Mass_g,Dry_Sediment_Mass_g,Water_Mass_g,Wet_Sediment_Volume_mL,Methods_Deviation
Unit,N/A,grams,grams,grams,milliliters,N/A
Unit_Basis,N/A,as_Wet_Sediment,as_Dry_Sediment,as_Water,as_Wet_Sediment,N/A
MethodID_Analysis,N/A,DWA_T_AN_000,DWA_T_AN_000,DWA_T_AN_000,DWA_T_AN_000,N/A
MethodID_Inspection,N/A,DWA_T_IN_000,DWA_T_IN_000,DWA_T_IN_000,DWA_T_IN_000,N/A
MethodID_Storage,N/A,DWA_T_ST_000,DWA_T_ST_000,DWA_T_ST_000,DWA_T_ST_000,N/A
MethodID_Preservation,N/A,DWA_T_PRES_000,DWA_T_PRES_000,DWA_T_PRES_000,DWA_T_PRES_000,N/A
MethodID_Preparation,N/A,DWA_T_PREP_000,DWA_T_PREP_000,DWA_T_PREP_000,DWA_T_PREP_000,N/A
MethodID_DataProcessing,N/A,DWA_T_DP_000,DWA_T_DP_000,DWA_T_DP_000,DWA_T_DP_000,N/A
Analysis_DetectionLimit,-9999,-9999,-9999,-9999,-9999,N/A
Analysis_Precision,-9999,-9999,-9999,-9999,-9999,N/A
Data_Status,N/A,ready_to_use,ready_to_use,ready_to_use,ready_to_use,N/A
#Start_Data,CM_001_INC-1,22.17,16.405,32.525,10,INC_QA_000; INC_QA_001
N/A,CM_001_INC-2,22.58,16.865,35.795,10,INC_QA_000; INC_QA_001
N/A,CM_001_INC-3,23.55,17.305,34.015,10,INC_QA_000; INC_QA_001
N/A,CM_002_INC-1,18.93,12.61,36.98,10,N/A
N/A,CM_002_INC-2,17.88,11.56,38.76,10,N/A
N/A,CM_002_INC-3,23.29,15.12,36.3,10,N/A
N/A,CM_003_INC-1,22.93,17.73,35.88,10,N/A
N/A,CM_003_INC-2,23.34,18.27,35.29,10,N/A
N/A,CM_003_INC-3,21.4,16.56,36.3,10,N/A
N/A,CM_004_INC-1,24.02,18.22,36.11,10,N/A
N/A,CM_004_INC-2,24.98,18.72,36.02,10,N/A
N/A,CM_004_INC-3,23.09,17.5,36.06,10,N/A
N/A,CM_005_INC-1,24.77,19.04,34.23,10,N/A
N/A,CM_005_INC-2,22.39,16.53,35.98,10,N/A
N/A,CM_005_INC-3,22.01,16.28,36.05,10,N/A
N/A,CM_006_INC-1,18.44,10.82,38.32,10,N/A
N/A,CM_006_INC-2,18.81,11.79,37.58,10,N/A
N/A,CM_006_INC-3,21.58,12.58,37.31,10,N/A
N/A,CM_007_INC-1,18.39,14.43,36.66,10,N/A
N/A,CM_007_INC-2,18.4,14.44,37.03,10,N/A
N/A,CM_007_INC-3,17.69,13.86,36.94,10,N/A
N/A,CM_008_INC-1,20.37,11.12,37.87,10,INC_QA_001
N/A,CM_008_INC-2,23.14,13.92,38.05,10,INC_QA_001
N/A,CM_008_INC-3,24.59,15.17,38.74,10,INC_QA_001
N/A,CM_009_INC-1,23.01,16.41,35.94,10,N/A
N/A,CM_009_INC-2,25.37,17.2,36.63,10,N/A
N/A,CM_009_INC-3,25.52,18.22,35.55,10,N/A
N/A,CM_010_INC-1,17.66,14.23,37.07,10,N/A
N/A,CM_010_INC-2,16.31,12.34,37.51,10,N/A
N/A,CM_010_INC-3,16.68,13.47,37.17,10,N/A
N/A,CM_011_INC-1,24.44,14.88,36.51,10,N/A
N/A,CM_011_INC-2,21.95,13.22,37.27,10,N/A
N/A,CM_011_INC-3,21.56,13.18,37.33,10,N/A
N/A,CM_012_INC-1,22.41,14.39,36.33,10,N/A
N/A,CM_012_INC-2,22.41,14.64,36.19,10,N/A
N/A,CM_012_INC-3,22.49,12.54,40.18,10,N/A
N/A,CM_013_INC-1,22.61,17.02,35.71,10,N/A
N/A,CM_013_INC-2,21.6,16.4,36.01,10,N/A
N/A,CM_013_INC-3,22.38,17.01,35.9,10,N/A
N/A,CM_014_INC-1,21.54,15.98,36.4,10,N/A
N/A,CM_014_INC-2,20.88,15.47,36.98,10,N/A
N/A,CM_014_INC-3,20.3,15.1,36.94,10,N/A
N/A,CM_015_INC-1,22.33,17.79,35.2,10,N/A
N/A,CM_015_INC-2,20.54,16.43,36.25,10,N/A
N/A,CM_015_INC-3,19.49,15.47,36.9,10,N/A
N/A,CM_016_INC-1,22.1,12.21,37.94,10,N/A
N/A,CM_016_INC-2,20.55,11.57,38.05,10,N/A
N/A,CM_016_INC-3,22.9,12.55,37.7,10,N/A
N/A,CM_017_INC-1,18.39,13.73,37.33,10,N/A
N/A,CM_017_INC-2,19.23,14.33,36.53,10,N/A
N/A,CM_017_INC-3,22.17,16.39,36.24,10,N/A
N/A,CM_018_INC-1,26.26,21.66,34.28,10,N/A
N/A,CM_018_INC-2,24.66,20.63,34.25,10,N/A
N/A,CM_018_INC-3,24.62,20.42,34.55,10,N/A
N/A,CM_020_INC-1,26.06,20.91,34.06,10,N/A
N/A,CM_020_INC-2,25.86,20.28,34.65,10,N/A
N/A,CM_020_INC-3,26,20.72,34.32,10,N/A
N/A,CM_021_INC-1,16.41,12.905,37.295,10,INC_QA_000
N/A,CM_021_INC-2,16.29,12.83,37.4,10,N/A
N/A,CM_021_INC-3,18.29,14.4,36.87,10,N/A
N/A,CM_022_INC-1,16.85,12.64,37.8,10,N/A
N/A,CM_022_INC-2,17.45,12.97,37.72,10,N/A
N/A,CM_022_INC-3,16.26,11.96,38.16,10,N/A
N/A,CM_023_INC-1,19.17,11.69,37.75,10,N/A
N/A,CM_023_INC-2,18.67,11.41,38.35,10,N/A
N/A,CM_023_INC-3,19.09,11.87,38.19,10,N/A
N/A,CM_024_INC-1,16.4,13.28,37.04,10,N/A
N/A,CM_024_INC-2,18.09,14.6,36.11,10,N/A
N/A,CM_024_INC-3,17.71,14.29,37.03,10,N/A
N/A,CM_025_INC-1,-9999,-9999,-9999,-9999,VI_INC_001
N/A,CM_025_INC-2,-9999,-9999,-9999,-9999,VI_INC_001
N/A,CM_025_INC-3,-9999,-9999,-9999,-9999,VI_INC_001
N/A,CM_026_INC-1,-9999,-9999,-9999,-9999,VI_INC_001
N/A,CM_026_INC-2,-9999,-9999,-9999,-9999,VI_INC_001
N/A,CM_026_INC-3,-9999,-9999,-9999,-9999,VI_INC_001
N/A,CM_027_INC-1,23.62,15.13,36.91,10,N/A
N/A,CM_027_INC-2,22.79,14.71,36.6,10,N/A
N/A,CM_027_INC-3,22.16,14.43,36.52,10,N/A
N/A,CM_028_INC-1,19.37,15.54,36.44,10,N/A
N/A,CM_028_INC-2,19.64,15.64,36.6,10,N/A
N/A,CM_028_INC-3,21.64,17.14,36.13,10,N/A
N/A,CM_029_INC-1,-9999,-9999,-9999,-9999,VI_INC_001
N/A,CM_029_INC-2,-9999,-9999,-9999,-9999,VI_INC_001
N/A,CM_029_INC-3,-9999,-9999,-9999,-9999,VI_INC_001
N/A,CM_030_INC-1,-9999,-9999,-9999,-9999,VI_INC_001
N/A,CM_030_INC-2,-9999,-9999,-9999,-9999,VI_INC_001
N/A,CM_030_INC-3,-9999,-9999,-9999,-9999,VI_INC_001
N/A,CM_032_INC-1,16.52,8.14,39.45,10,N/A
N/A,CM_032_INC-2,16.58,7.85,39.83,10,N/A
N/A,CM_032_INC-3,18.7,8.53,39.37,10,N/A
N/A,CM_033_INC-1,15.87,12.71,37.25,10,N/A
N/A,CM_033_INC-2,16.22,12.87,37.72,10,N/A
N/A,CM_033_INC-3,16.61,13.22,37.27,10,N/A
N/A,CM_034_INC-1,20.01,14.17,37.08,10,N/A
N/A,CM_034_INC-2,22.15,15.98,36.13,10,N/A
N/A,CM_034_INC-3,21.62,15.48,35.9,10,N/A
N/A,CM_035_INC-1,23.57,15.17,36.21,10,N/A
N/A,CM_035_INC-2,24.83,15.53,36.06,10,N/A
N/A,CM_035_INC-3,24.81,16.38,35.92,10,N/A
N/A,CM_037_INC-1,17.94,14.1,36.91,10,N/A
N/A,CM_037_INC-2,18.62,14.7,36.61,10,N/A
N/A,CM_037_INC-3,22.01,17.49,35.33,10,N/A
N/A,CM_038_INC-1,16.89,14,36.52,10,N/A
N/A,CM_038_INC-2,16.07,13.18,37.26,10,N/A
N/A,CM_038_INC-3,17.5,14.32,36.85,10,N/A
N/A,CM_039_INC-1,22.74,17.43,35.56,10,N/A
N/A,CM_039_INC-2,22.76,17.08,36.17,10,N/A
N/A,CM_039_INC-3,23.55,18.24,35.72,10,N/A
N/A,CM_040_INC-1,28.41,18.01,35.56,10,N/A
N/A,CM_040_INC-2,29.8,16.58,38.04,10,N/A
N/A,CM_040_INC-3,22.26,13.68,37.8,10,N/A
N/A,CM_041_INC-1,25.97,17.54,36.15,10,N/A
N/A,CM_041_INC-2,26.5,18.12,35.48,10,N/A
N/A,CM_041_INC-3,25.06,16.65,36.53,10,N/A
N/A,CM_042_INC-1,24.9,17.53,35.03,10,N/A
N/A,CM_042_INC-2,24.97,17.97,35.84,10,N/A
N/A,CM_042_INC-3,23.82,16.32,36.01,10,N/A
N/A,CM_043_INC-1,27.12,-9999,-9999,10,VI_INC_002
N/A,CM_043_INC-2,27.2,-9999,-9999,10,VI_INC_002
N/A,CM_043_INC-3,27.26,-9999,-9999,10,VI_INC_002
N/A,CM_044_INC-1,22.16,17.51,35.79,10,N/A
N/A,CM_044_INC-2,19.74,16.48,35.98,10,N/A
N/A,CM_044_INC-3,21.52,16.95,35.47,10,N/A
N/A,CM_045_INC-1,24.96,19.73,34.83,10,N/A
N/A,CM_045_INC-2,26.48,20.35,35.1,10,N/A
N/A,CM_045_INC-3,25.67,19.75,36,10,N/A
N/A,CM_046_INC-1,25.5,18.08,35.26,10,N/A
N/A,CM_046_INC-2,23.79,16.83,36.5,10,N/A
N/A,CM_046_INC-3,25.29,17.89,35.48,10,N/A
N/A,CM_047_INC-1,26.48,20.96,34.59,10,N/A
N/A,CM_047_INC-2,24.38,18.55,35.38,10,N/A
N/A,CM_047_INC-3,25.06,19.04,35.15,10,N/A
N/A,CM_047_INC-4,7.43,5.71,40.17,2.5,DWA_001
N/A,CM_047_INC-5,7.68,5.89,39.92,2.5,DWA_001
N/A,CM_047_INC-6,7.17,5.55,40.15,2.5,DWA_001
N/A,CM_048_INC-1,21.13,15.9,36.89,10,N/A
N/A,CM_048_INC-2,24.65,18.15,36.28,10,N/A
N/A,CM_048_INC-3,19.97,15.55,36.63,10,N/A
N/A,CM_048_INC-4,4.31,3.35,43.32,2.5,DWA_001; INC_QA_001
N/A,CM_048_INC-5,4.65,3.56,43.13,2.5,DWA_001
N/A,CM_048_INC-6,3.91,3.03,43.5,2.5,DWA_001
N/A,CM_049_INC-1,25.41,19.45,34.71,10,N/A
N/A,CM_049_INC-2,23.26,17.49,35.69,10,N/A
N/A,CM_049_INC-3,24.2,17.83,35.72,10,N/A
N/A,CM_049_INC-4,6.62,5,40.7,2.5,DWA_001
N/A,CM_049_INC-5,5.63,4.1,40.67,2.5,DWA_001
N/A,CM_049_INC-6,5.63,4.04,40.73,2.5,DWA_001
N/A,CM_050_INC-1,21.14,12.25,37.79,10,N/A
N/A,CM_050_INC-2,21.53,12.53,37.99,10,N/A
N/A,CM_050_INC-3,19.19,10.48,38.64,10,N/A
N/A,CM_051_INC-1,23.31,16.42,36.01,10,N/A
N/A,CM_051_INC-2,21.77,16.65,36.37,10,N/A
N/A,CM_051_INC-3,23.99,15.45,36.65,10,N/A
N/A,CM_052_INC-1,21.66,13.24,37.57,10,N/A
N/A,CM_052_INC-2,20.15,12.19,37.77,10,N/A
N/A,CM_052_INC-3,20.2,12.27,37.83,10,N/A
N/A,CM_053_INC-1,19.86,12.88,36.84,10,N/A
N/A,CM_053_INC-2,21.07,13.68,37.67,10,N/A
N/A,CM_053_INC-3,21.31,13.75,37.81,10,N/A
N/A,CM_054_INC-1,19.34,12.19,37.92,10,N/A
N/A,CM_054_INC-2,20.65,13.15,37.33,10,N/A
N/A,CM_054_INC-3,22.55,14.49,37.36,10,N/A
N/A,CM_055_INC-1,20,13.52,37.34,10,N/A
N/A,CM_055_INC-2,21.55,14.23,36.99,10,N/A
N/A,CM_055_INC-3,19.72,13.05,37.01,10,N/A
N/A,CM_055_INC-4,7.73,5.09,40.12,2.5,DWA_001
N/A,CM_055_INC-5,6.85,4.46,40.35,2.5,DWA_001
N/A,CM_055_INC-6,6.28,4.13,40.97,2.5,DWA_001
N/A,CM_056_INC-1,18.42,14.84,36.21,10,N/A
N/A,CM_056_INC-2,19.82,15.73,36.7,10,N/A
N/A,CM_056_INC-3,19.08,15.25,36.58,10,N/A
N/A,CM_057_INC-1,18.44,15.04,35.76,10,N/A
N/A,CM_057_INC-2,20.95,16.9,35.1,10,N/A
N/A,CM_057_INC-3,20.39,16.5,36.02,10,N/A
N/A,CM_058_INC-1,22.33,17.38,35.54,10,N/A
N/A,CM_058_INC-2,21.57,17.01,35.8,10,N/A
N/A,CM_058_INC-3,21.08,15.71,36.8,10,N/A
N/A,CM_059_INC-1,23.3,18.43,35.15,10,N/A
N/A,CM_059_INC-2,24.67,18.98,34.6,10,N/A
N/A,CM_059_INC-3,22.64,17.85,35.64,10,N/A
N/A,CM_059_INC-4,6.94,5.46,40.38,2.5,DWA_001
N/A,CM_059_INC-5,5.61,4.42,40.44,2.5,DWA_001
N/A,CM_059_INC-6,6.51,5.12,39.89,2.5,DWA_001
N/A,CM_060_INC-1,25.44,18.83,36.48,10,N/A
N/A,CM_060_INC-2,21.93,16.81,36.01,10,N/A
N/A,CM_060_INC-3,22.69,17.65,34.95,10,N/A
N/A,CM_060_INC-4,5.5,4.23,42.25,2.5,DWA_001
N/A,CM_060_INC-5,6.94,5.29,42.19,2.5,DWA_001
N/A,CM_060_INC-6,4.92,3.7,43.37,2.5,DWA_001
N/A,CM_061_INC-1,24.33,18.75,35.91,10,N/A
N/A,CM_061_INC-2,23.86,17.82,35.79,10,N/A
N/A,CM_061_INC-3,23.47,18.66,34.56,10,N/A
N/A,CM_061_INC-4,4.75,3.81,40.24,2.5,DWA_001
N/A,CM_061_INC-5,4.99,3.96,40.9,2.5,DWA_001
N/A,CM_061_INC-6,5.37,4.2,40.14,2.5,DWA_001
N/A,CM_062_INC-1,19.71,15.15,37.05,10,N/A
N/A,CM_062_INC-2,20.77,16.13,36.22,10,N/A
N/A,CM_062_INC-3,19.54,15.16,36.7,10,N/A
N/A,CM_063_INC-1,15.62,12.62,36.71,10,N/A
N/A,CM_063_INC-2,17.37,13.94,36.25,10,N/A
N/A,CM_063_INC-3,15.7,12.55,37.15,10,N/A
N/A,CM_064_INC-1,22.61,16.62,33.57,10,N/A
N/A,CM_064_INC-2,20.48,15.27,35.96,10,N/A
N/A,CM_064_INC-3,22.87,15.36,36.89,10,N/A
N/A,CM_065_INC-1,23.26,17.75,35.99,10,N/A
N/A,CM_065_INC-2,22.64,17.33,35.25,10,N/A
N/A,CM_065_INC-3,23.49,18.13,35.61,10,N/A
N/A,CM_066_INC-1,19.68,15.46,36.44,10,N/A
N/A,CM_066_INC-2,19.22,15.15,36.78,10,N/A
N/A,CM_066_INC-3,19.61,15.49,36.12,10,N/A
N/A,CM_068_INC-1,17.63,7,38.99,10,N/A
N/A,CM_068_INC-2,16.15,6.66,38.83,10,N/A
N/A,CM_068_INC-3,19.01,7.67,38.57,10,N/A
N/A,CM_068_INC-4,4.89,2.05,40.68,2.5,DWA_001
N/A,CM_068_INC-5,5.08,1.98,41.19,2.5,DWA_001
N/A,CM_068_INC-6,5.02,2.06,40.37,2.5,DWA_001
N/A,CM_069_INC-1,23.24,17.75,35.37,10,N/A
N/A,CM_069_INC-2,23.3,18.06,35.18,10,N/A
N/A,CM_069_INC-3,21.98,16.71,35.45,10,N/A
N/A,CM_070_INC-1,24.14,17.64,35.54,10,N/A
N/A,CM_070_INC-2,26.36,19.54,35.57,10,N/A
N/A,CM_070_INC-3,22.9,16.86,36.09,10,N/A
N/A,CM_071_INC-1,20.57,10.66,38.39,10,N/A
N/A,CM_071_INC-2,21.26,11.07,37.25,10,N/A
N/A,CM_071_INC-3,19.19,9.69,38.59,10,N/A
N/A,CM_071_INC-4,3.5,1.86,41.07,2.5,DWA_001
N/A,CM_071_INC-5,4.64,2.49,41.11,2.5,DWA_001
N/A,CM_071_INC-6,4.77,2.46,41.37,2.5,DWA_001
N/A,CM_072_INC-1,18,9.24,38.66,10,N/A
N/A,CM_072_INC-2,19.12,9.77,38.31,10,N/A
N/A,CM_072_INC-3,18.28,8.82,39.36,10,N/A
N/A,CM_072_INC-4,6.33,3.02,40.75,2.5,DWA_001
N/A,CM_072_INC-5,6,2.89,41.32,2.5,DWA_001
N/A,CM_072_INC-6,4.04,1.99,41.19,2.5,DWA_001
N/A,CM_073_INC-1,22.49,17.71,36.41,10,N/A
N/A,CM_073_INC-2,23.3,18.01,35.74,10,N/A
N/A,CM_073_INC-3,24.02,18.48,35.31,10,N/A
N/A,CM_074_INC-1,22.88,17.84,35.65,10,N/A
N/A,CM_074_INC-2,23.09,18.05,35.52,10,N/A
N/A,CM_074_INC-3,21.96,17,35.82,10,N/A
N/A,CM_075_INC-1,22.95,16.6,35.5,10,N/A
N/A,CM_075_INC-2,22.68,16.56,35.17,10,N/A
N/A,CM_075_INC-3,22.73,16.33,35.55,10,N/A
N/A,CM_075_INC-4,4.22,3.04,41.05,2.5,DWA_001
N/A,CM_075_INC-5,4.22,3.04,40.8,2.5,DWA_001
N/A,CM_075_INC-6,6.37,4.53,39.96,2.5,DWA_001
N/A,CM_076_INC-1,23.26,17.08,35.88,10,N/A
N/A,CM_076_INC-2,23.11,16.95,35.7,10,N/A
N/A,CM_076_INC-3,21.38,15.42,36.12,10,N/A
N/A,CM_077_INC-1,24.29,18.87,35.79,10,N/A
N/A,CM_077_INC-2,22.25,17.02,35.14,10,N/A
N/A,CM_077_INC-3,24.76,19.19,35.24,10,N/A
N/A,CM_078_INC-1,20.01,12.31,37.68,10,N/A
N/A,CM_078_INC-2,22.69,8.83,38.91,10,N/A
N/A,CM_078_INC-3,20.63,12.44,38.01,10,N/A
N/A,CM_078_INC-4,5.86,3.42,40.13,2.5,DWA_001
N/A,CM_078_INC-5,6.32,3.87,40.34,2.5,DWA_001
N/A,CM_078_INC-6,6.66,4.03,41.03,2.5,DWA_001
N/A,CM_079_INC-1,23.99,18.7,34.9,10,N/A
N/A,CM_079_INC-2,22.6,17.36,35.59,10,N/A
N/A,CM_079_INC-3,21.35,16.44,35.73,10,N/A
N/A,CM_080_INC-1,14.67,3,40.98,10,N/A
N/A,CM_080_INC-2,15.34,3.18,40.74,10,N/A
N/A,CM_080_INC-3,15.46,3.29,40.4,10,N/A
N/A,CM_080_INC-4,3.7,0.75,41.68,2.5,DWA_001
N/A,CM_080_INC-5,3.81,0.87,41.51,2.5,DWA_001
N/A,CM_080_INC-6,3.15,0.72,41.99,2.5,DWA_001
N/A,CM_081_INC-1,24.92,18.11,35.53,10,N/A
N/A,CM_081_INC-2,23.02,16.67,35.83,10,N/A
N/A,CM_081_INC-3,23.72,15.14,41.44,10,N/A
N/A,CM_082_INC-1,23.19,16.61,35.97,10,N/A
N/A,CM_082_INC-2,23.48,17.01,35.49,10,N/A
N/A,CM_082_INC-3,23.27,16.43,36.15,10,N/A
N/A,CM_082_INC-4,7.4,5.19,40.43,2.5,DWA_001
N/A,CM_082_INC-5,5.52,3.91,41.27,2.5,DWA_001
N/A,CM_082_INC-6,4.95,3.55,41.31,2.5,DWA_001
N/A,CM_083_INC-1,20.81,15.43,36.11,10,N/A
N/A,CM_083_INC-2,22.71,16.87,35.23,10,N/A
N/A,CM_083_INC-3,24.53,18.93,35.17,10,N/A
N/A,CM_083_INC-4,6.05,4.51,40.08,2.5,DWA_001
N/A,CM_083_INC-5,5.78,4.33,40.26,2.5,DWA_001
N/A,CM_083_INC-6,6.49,4.8,39.64,2.5,DWA_001
N/A,CM_084_INC-1,23.64,16.51,35.59,10,N/A
N/A,CM_084_INC-2,23.46,17.13,35.93,10,N/A
N/A,CM_084_INC-3,23,15.97,36.15,10,N/A
N/A,CM_085_INC-1,23.61,17.12,35.45,10,N/A
N/A,CM_085_INC-2,25.06,18.51,35.76,10,N/A
N/A,CM_085_INC-3,21.89,15.79,36.46,10,N/A
N/A,CM_086_INC-1,20.17,11.1,37.81,10,N/A
N/A,CM_086_INC-2,20.41,11.13,38.01,10,N/A
N/A,CM_086_INC-3,24.29,13.27,37.37,10,N/A
N/A,CM_086_INC-4,7.49,3.98,41.23,2.5,DWA_001
N/A,CM_086_INC-5,5.35,2.85,41.25,2.5,DWA_001
N/A,CM_086_INC-6,4.65,2.47,40.49,2.5,DWA_001
N/A,CM_087_INC-1,22.67,14.18,37.21,10,N/A
N/A,CM_087_INC-2,23.69,14.97,36.64,10,N/A
N/A,CM_087_INC-3,21.72,13.73,36.42,10,N/A
N/A,CM_087_INC-4,4.44,2.82,41.17,2.5,DWA_001
N/A,CM_087_INC-5,5.54,3.48,41.02,2.5,DWA_001
N/A,CM_087_INC-6,5.42,3.43,40.58,2.5,DWA_001
N/A,CM_088_INC-1,21.08,13.53,36.59,10,N/A
N/A,CM_088_INC-2,21.27,13.86,36.86,10,N/A
N/A,CM_088_INC-3,23.67,15.51,36.43,10,N/A
N/A,CM_089_INC-1,22.34,17.04,35.28,10,N/A
N/A,CM_089_INC-2,24.54,18.71,35.28,10,N/A
N/A,CM_089_INC-3,23.71,18.24,35.6,10,N/A
N/A,CM_090_INC-1,25.75,21.41,34.26,10,N/A
N/A,CM_090_INC-2,26.01,20.42,34.27,10,N/A
N/A,CM_090_INC-3,25.03,20.62,34.92,10,N/A
N/A,CM_090_INC-4,6.05,4.99,40.06,2.5,DWA_001
N/A,CM_090_INC-5,5.8,4.78,40.28,2.5,DWA_001
N/A,CM_090_INC-6,4.43,3.62,40.98,2.5,DWA_001
N/A,CM_091_INC-1,22.76,16.95,35.99,10,N/A
N/A,CM_091_INC-2,23.25,17.37,35.45,10,N/A
N/A,CM_091_INC-3,24.68,18.14,35.38,10,N/A
N/A,CM_091_INC-4,4.78,3.52,40.42,2.5,DWA_001
N/A,CM_091_INC-5,6.19,4.51,40.76,2.5,DWA_001
N/A,CM_091_INC-6,4.09,2.63,41.17,2.5,DWA_001
N/A,CM_092_INC-1,25.06,20.33,34.77,10,N/A
N/A,CM_092_INC-2,24.43,19.99,34.51,10,N/A
N/A,CM_092_INC-3,24.27,19.64,34.81,10,N/A
N/A,CM_093_INC-1,24.47,19.69,35.08,10,N/A
N/A,CM_093_INC-2,24.46,19.51,34.75,10,N/A
N/A,CM_093_INC-3,23.17,18.66,34.98,10,N/A
N/A,CM_094_INC-1,22.51,16.21,36.13,10,N/A
N/A,CM_094_INC-2,23.11,17.7,35.22,10,N/A
N/A,CM_094_INC-3,23.8,17.11,35.92,10,N/A
N/A,CM_095_INC-1,20.65,12.78,37.44,10,N/A
N/A,CM_095_INC-2,21.77,13.35,37.12,10,N/A
N/A,CM_095_INC-3,23.56,14.45,36.36,10,N/A
N/A,CM_095_INC-4,4.15,2.53,41.56,2.5,DWA_001
N/A,CM_095_INC-5,4.65,2.79,41.26,2.5,DWA_001
N/A,CM_095_INC-6,3.83,2.34,40.95,2.5,DWA_001
N/A,CM_096_INC-1,18.99,14.26,36.79,10,N/A
N/A,CM_096_INC-2,21.77,16.58,35.83,10,N/A
N/A,CM_096_INC-3,20.31,15.45,36.7,10,N/A
N/A,CM_097_INC-1,18.44,15.32,35.8,10,N/A
N/A,CM_097_INC-2,18.87,15.62,35.57,10,N/A
N/A,CM_097_INC-3,18.19,14.4,36.75,10,N/A
N/A,CM_097_INC-4,4.86,4.04,40.3,2.5,DWA_001
N/A,CM_097_INC-5,4.34,3.54,40.36,2.5,DWA_001
N/A,CM_097_INC-6,4.65,3.86,40.66,2.5,DWA_001
N/A,CM_098_INC-1,18.09,9.08,39.06,10,N/A
N/A,CM_098_INC-2,19.85,9.92,38.56,10,N/A
N/A,CM_098_INC-3,18.29,9.31,38.71,10,N/A
N/A,CM_098_INC-4,4.35,2.17,41.4,2.5,DWA_001
N/A,CM_098_INC-5,5.04,2.49,41.26,2.5,DWA_001
N/A,CM_098_INC-6,3.79,2.03,41.83,2.5,DWA_001
N/A,CM_099_INC-1,14.89,4.6,40.77,10,N/A
N/A,CM_099_INC-2,17.81,5.71,39.66,10,N/A
N/A,CM_099_INC-3,15.39,4.82,40.16,10,N/A
N/A,CM_099_INC-4,2.77,0.87,41.6,2.5,DWA_001
N/A,CM_099_INC-5,3.48,1.09,41.6,2.5,DWA_001
N/A,CM_099_INC-6,3.37,0.98,41.07,2.5,DWA_001
N/A,CM_100_INC-1,24.22,18.21,35.11,10,N/A
N/A,CM_100_INC-2,24.25,18.13,35.91,10,N/A
N/A,CM_100_INC-3,23.41,17.45,35.54,10,N/A
N/A,CM_100_INC-4,5.59,4.44,40.36,2.5,DWA_001
N/A,CM_100_INC-5,5.52,4.39,40.22,2.5,DWA_001
N/A,CM_100_INC-6,6,4.71,40.15,2.5,DWA_001
N/A,CM_101_INC-1,25.75,19.91,34.45,10,N/A
N/A,CM_101_INC-2,24.82,19.13,34.98,10,N/A
N/A,CM_101_INC-3,24.15,18.51,34.72,10,N/A
N/A,CM_101_INC-4,4.55,3.69,40.1,2.5,DWA_001
N/A,CM_101_INC-5,5.41,4.32,40.08,2.5,DWA_001
N/A,CM_101_INC-6,6.05,4.83,40.36,2.5,DWA_001
N/A,CM_102_INC-1,20.23,15.8,36.23,10,N/A
N/A,CM_102_INC-2,20.42,15.67,35.5,10,N/A
N/A,CM_102_INC-3,22.82,17.51,35.18,10,N/A
N/A,CM_103_INC-1,26.26,15.45,37.08,10,N/A
N/A,CM_103_INC-2,24.34,14.46,37.06,10,N/A
N/A,CM_103_INC-3,22.58,13.19,37.58,10,N/A
N/A,CM_103_INC-4,4.77,3.14,40.89,2.5,DWA_001
N/A,CM_103_INC-5,6.2,3.69,40.82,2.5,DWA_001
N/A,CM_103_INC-6,6.37,3.88,40.98,2.5,DWA_001
N/A,CM_104_INC-1,19.83,11.02,37.75,10,N/A
N/A,CM_104_INC-2,19.57,10.89,38.08,10,N/A
N/A,CM_104_INC-3,21.48,11.74,37.9,10,N/A
N/A,CM_105_INC-1,20.96,15.71,36.09,10,N/A
N/A,CM_105_INC-2,22.83,17.17,36.31,10,N/A
N/A,CM_105_INC-3,21.69,15.42,36.22,10,N/A
N/A,CM_106_INC-1,23.86,14.56,37.28,10,N/A
N/A,CM_106_INC-2,19.97,11.83,37.34,10,N/A
N/A,CM_106_INC-3,19.98,12.18,37.65,10,N/A
N/A,CM_106_INC-4,4.16,2.44,40.63,2.5,DWA_001
N/A,CM_106_INC-5,3.94,2.52,41.19,2.5,DWA_001
N/A,CM_106_INC-6,3.5,2.05,41.43,2.5,DWA_001
N/A,CM_107_INC-1,25.82,21.14,33.68,10,N/A
N/A,CM_107_INC-2,25.79,21.09,33.87,10,N/A
N/A,CM_107_INC-3,25.34,20.62,33.97,10,N/A
N/A,CM_108_INC-1,22.31,17.35,35.29,10,N/A
N/A,CM_108_INC-2,21.88,16.92,35.43,10,N/A
N/A,CM_108_INC-3,22.91,17.75,35.87,10,N/A
N/A,CM_109_INC-1,22.75,17.88,35.08,10,N/A
N/A,CM_109_INC-2,22.29,17.35,35.4,10,N/A
N/A,CM_109_INC-3,21.39,16.69,35.26,10,N/A
N/A,CM_109_INC-4,6.52,5.1,40.16,2.5,DWA_001
N/A,CM_109_INC-5,5.36,4.18,40.65,2.5,DWA_001
N/A,CM_109_INC-6,5.09,3.93,40.45,2.5,DWA_001
N/A,CM_110_INC-1,19.06,14.78,36.53,10,N/A
N/A,CM_110_INC-2,22.94,17.81,35.13,10,N/A
N/A,CM_110_INC-3,22.49,17.4,35.15,10,N/A
N/A,CM_110_INC-4,6.19,4.76,40.71,2.5,DWA_001
N/A,CM_110_INC-5,5.68,4.38,40.46,2.5,DWA_001
N/A,CM_110_INC-6,5.82,4.38,40.39,2.5,DWA_001
N/A,CM_111_INC-1,25.57,21.19,34.62,10,N/A
N/A,CM_111_INC-2,25.05,20.8,34.92,10,N/A
N/A,CM_111_INC-3,24.4,20.24,34.51,10,N/A
N/A,CM_111_INC-4,6,4.99,40.42,2.5,DWA_001
N/A,CM_111_INC-5,7.1,5.87,40.38,2.5,DWA_001
N/A,CM_111_INC-6,6.95,5.79,40.28,2.5,DWA_001
N/A,CM_112_INC-1,20.53,16.47,40.49,10,INC_QA_001
N/A,CM_112_INC-2,23.08,18.6,34.65,10,N/A
N/A,CM_112_INC-3,23.67,19,35.08,10,N/A
N/A,CM_112_INC-4,7.33,5.86,40.01,2.5,DWA_001
N/A,CM_112_INC-5,8.13,6.47,40.06,2.5,DWA_001
N/A,CM_112_INC-6,6.93,5.44,39.37,2.5,DWA_001
N/A,CM_113_INC-1,22.05,16.68,35.76,10,N/A
N/A,CM_113_INC-2,21.55,15.78,36.12,10,N/A
N/A,CM_113_INC-3,21.34,16.22,36.53,10,N/A
N/A,CM_113_INC-4,6.55,4.98,40.27,2.5,DWA_001
N/A,CM_113_INC-5,7.03,5.35,39.69,2.5,DWA_001
N/A,CM_113_INC-6,7,5.24,40.53,2.5,DWA_001
N/A,CM_114_INC-1,25.33,13.54,36.7,10,N/A
N/A,CM_114_INC-2,25.16,13.37,37.11,10,N/A
N/A,CM_114_INC-3,23.98,12.94,37.81,10,N/A
N/A,CM_114_INC-4,8.04,4.39,40.85,2.5,DWA_001
N/A,CM_114_INC-5,8.82,4.92,40.19,2.5,DWA_001
N/A,CM_114_INC-6,8.72,4.8,40.44,2.5,DWA_001
N/A,CM_115_INC-1,22.86,17.63,35.74,10,N/A
N/A,CM_115_INC-2,20.27,15.36,35.68,10,N/A
N/A,CM_115_INC-3,22.08,17,35.85,10,N/A
N/A,CM_115_INC-4,5.82,4.46,40.6,2.5,DWA_001
N/A,CM_115_INC-5,7.39,5.63,40.46,2.5,DWA_001
N/A,CM_115_INC-6,7.15,5.45,39.98,2.5,DWA_001
N/A,CM_116_INC-1,20.35,15.21,36.23,10,N/A
N/A,CM_116_INC-2,21.02,15.62,35.93,10,N/A
N/A,CM_116_INC-3,20.96,15.36,36.26,10,N/A
N/A,CM_116_INC-4,7.45,5.41,40.3,2.5,DWA_001
N/A,CM_116_INC-5,6.43,4.53,41.05,2.5,DWA_001
N/A,CM_116_INC-6,6.86,4.89,40.22,2.5,DWA_001
N/A,CM_117_INC-1,23.93,16.68,36.24,10,N/A
N/A,CM_117_INC-2,24.39,16.78,35.94,10,N/A
N/A,CM_117_INC-3,23.95,16.22,36.45,10,N/A
N/A,CM_117_INC-4,4.36,2.95,41.74,2.5,DWA_001
N/A,CM_117_INC-5,4.74,3.23,40.75,2.5,DWA_001
N/A,CM_117_INC-6,5.08,3.44,40.94,2.5,DWA_001
N/A,SSS001_INC-1,16.77,9.11,39.6,10,N/A
N/A,SSS001_INC-2,18.24,11.35,37.8,10,N/A
N/A,SSS001_INC-3,21.87,13.39,37.74,10,N/A
N/A,SSS002_INC-1,23.24,17.31,36.32,10,N/A
N/A,SSS002_INC-2,25.51,18.66,36.87,10,N/A
N/A,SSS002_INC-3,24.94,18.09,36.55,10,N/A
N/A,SSS003_INC-1,20,13.06,37.88,10,N/A
N/A,SSS003_INC-2,17.95,11.69,37.87,10,N/A
N/A,SSS003_INC-3,21.29,13.76,38.19,10,N/A
N/A,SSS004_INC-1,13.9,7.46,39.47,10,N/A
N/A,SSS004_INC-2,17.63,9.71,38.93,10,N/A
N/A,SSS004_INC-3,17.37,9.21,39.66,10,N/A
N/A,SSS005_INC-1,18.36,12.36,37.62,10,N/A
N/A,SSS005_INC-2,17.93,11.88,37.92,10,N/A
N/A,SSS005_INC-3,18.15,11.28,38.53,10,N/A
N/A,SSS006_INC-1,18.75,10.85,38.51,10,N/A
N/A,SSS006_INC-2,17.4,10.35,38.27,10,N/A
N/A,SSS006_INC-3,16.04,9.53,38.14,10,N/A
N/A,SSS007_INC-1,24.1,17.37,36.63,10,N/A
N/A,SSS007_INC-2,19.83,14.69,37.49,10,N/A
N/A,SSS007_INC-3,23.84,-9999,-9999,10,VB_INC_001
N/A,SSS008_INC-1,17.23,7.7,40.07,10,N/A
N/A,SSS008_INC-2,17.11,7.46,39.14,10,N/A
N/A,SSS008_INC-3,18.64,8.17,39.22,10,N/A
N/A,SSS009_INC-1,19.12,14.32,37.22,10,N/A
N/A,SSS009_INC-2,18.04,13.67,37.11,10,N/A
N/A,SSS009_INC-3,19.05,14.42,37.11,10,N/A
N/A,SSS010_INC-1,21.81,16.77,36.74,10,N/A
N/A,SSS010_INC-2,23.67,18.22,35.97,10,N/A
N/A,SSS010_INC-3,22.27,16.82,36.87,10,N/A
N/A,SSS011_INC-1,21.02,14.63,37.75,10,N/A
N/A,SSS011_INC-2,20.56,14.24,37.24,10,N/A
N/A,SSS011_INC-3,21.16,14.73,37.24,10,N/A
N/A,SSS012_INC-1,18.58,9.82,38.99,10,N/A
N/A,SSS012_INC-2,17.86,8.06,40.34,10,N/A
N/A,SSS012_INC-3,11.99,3.45,40.62,10,N/A
N/A,SSS013_INC-1,23.57,16.9,36.51,10,N/A
N/A,SSS013_INC-2,19.86,14.46,36.18,10,N/A
N/A,SSS013_INC-3,22.01,15.57,36.93,10,N/A
N/A,SSS014_INC-1,17.15,10.79,38.85,10,N/A
N/A,SSS014_INC-2,23.41,14.39,36.25,10,N/A
N/A,SSS014_INC-3,22.66,14.08,36.86,10,N/A
N/A,SSS015_INC-1,22.47,16.78,35.47,10,N/A
N/A,SSS015_INC-2,21.2,15.46,36.77,10,N/A
N/A,SSS015_INC-3,17.42,12.95,37.28,10,N/A
N/A,SSS016_INC-1,12.33,4.87,40.57,10,N/A
N/A,SSS016_INC-2,16.44,6.5,40.04,10,N/A
N/A,SSS016_INC-3,13.95,5.75,40.35,10,N/A
N/A,SSS017_INC-1,23.76,18.12,36.39,10,N/A
N/A,SSS017_INC-2,21.37,16.3,35.89,10,N/A
N/A,SSS017_INC-3,23.81,18.48,35.33,10,N/A
N/A,SSS018_INC-1,11.7,8.86,39.55,10,N/A
N/A,SSS018_INC-2,14.43,11.02,37.86,10,N/A
N/A,SSS018_INC-3,11.71,8.8,39.41,10,N/A
N/A,SSS019_INC-1,19.88,12.97,37.57,10,N/A
N/A,SSS019_INC-2,22.89,15.28,36.31,10,N/A
N/A,SSS019_INC-3,21.88,14.6,36.79,10,N/A
N/A,SSS020_INC-1,18.21,12.14,37.82,10,N/A
N/A,SSS020_INC-2,23.37,15.42,37.53,10,N/A
N/A,SSS020_INC-3,19.64,12.97,38.22,10,N/A
N/A,SSS021_INC-1,19.59,10.91,38.86,10,N/A
N/A,SSS021_INC-2,18.48,10.69,38.7,10,N/A
N/A,SSS021_INC-3,19.19,11.71,38.2,10,N/A
N/A,SSS022_INC-1,20.56,15.62,37.07,10,N/A
N/A,SSS022_INC-2,21.56,16.83,35.67,10,N/A
N/A,SSS022_INC-3,19.45,15.14,36.4,10,N/A
N/A,SSS023_INC-1,19.69,11.46,37.3,10,N/A
N/A,SSS023_INC-2,17.15,10,39.01,10,N/A
N/A,SSS023_INC-3,13.49,7.67,37.62,10,N/A
N/A,SSS024_INC-1,20.87,13.15,37.45,10,N/A
N/A,SSS024_INC-2,18.93,12.26,37.59,10,N/A
N/A,SSS024_INC-3,19.63,12.52,38.25,10,N/A
N/A,SSS025_INC-1,30.84,20.43,34.88,10,N/A
N/A,SSS025_INC-2,23.15,15.72,36.28,10,N/A
N/A,SSS025_INC-3,26.27,17.86,36.27,10,N/A
N/A,SSS026_INC-1,23.66,16.43,36.76,10,N/A
N/A,SSS026_INC-2,24.57,17.67,35.6,10,N/A
N/A,SSS026_INC-3,23.07,16.53,36.24,10,N/A
N/A,SSS027_INC-1,21.43,15.1,36.89,10,N/A
N/A,SSS027_INC-2,21.97,15.33,36.4,10,N/A
N/A,SSS027_INC-3,23.58,16.51,36.71,10,N/A
N/A,SSS028_INC-1,24.53,18.11,36.03,10,N/A
N/A,SSS028_INC-2,24.1,17.46,36.45,10,N/A
N/A,SSS028_INC-3,24.21,17.54,36.51,10,N/A
N/A,SSS029_INC-1,26.21,20.04,36.12,10,N/A
N/A,SSS029_INC-2,23.5,17.84,36.37,10,N/A
N/A,SSS029_INC-3,24.91,18.79,36.7,10,N/A
N/A,SSS030_INC-1,26.35,19.83,35.12,10,N/A
N/A,SSS030_INC-2,25.89,19.64,34.58,10,N/A
N/A,SSS030_INC-3,25.65,19.4,35.15,10,N/A
N/A,SSS031_INC-1,25.98,19.91,34.85,10,N/A
N/A,SSS031_INC-2,24.57,18.66,36.07,10,N/A
N/A,SSS031_INC-3,23.59,18,35.83,10,N/A
N/A,SSS032_INC-1,26.19,18.95,34.51,10,N/A
N/A,SSS032_INC-2,23.81,17.09,36.27,10,N/A
N/A,SSS032_INC-3,24.19,17.53,35.04,10,N/A
N/A,SSS033_INC-1,25.13,19.61,35.96,10,N/A
N/A,SSS033_INC-2,26.83,20.83,35.83,10,N/A
N/A,SSS033_INC-3,25.85,20.25,35.12,10,N/A
N/A,SSS034_INC-1,25.75,19.25,35.85,10,N/A
N/A,SSS034_INC-2,23.82,17.97,35.68,10,N/A
N/A,SSS034_INC-3,26.48,18.16,35.85,10,N/A
N/A,SSS035_INC-1,24.25,18.16,36.16,10,N/A
N/A,SSS035_INC-2,23.82,18.16,35.72,10,N/A
N/A,SSS035_INC-3,20.6,16.03,35.97,10,N/A
N/A,SSS036_INC-1,21.01,17.38,36.19,10,N/A
N/A,SSS036_INC-2,20.96,15.98,36.33,10,N/A
N/A,SSS036_INC-3,22.36,17.26,35.84,10,N/A
N/A,SSS037_INC-1,21.86,15.87,37.14,10,N/A
N/A,SSS037_INC-2,24.37,17.59,36.21,10,N/A
N/A,SSS037_INC-3,23.15,16.84,36.38,10,N/A
N/A,SSS038_INC-1,21.08,16.09,36.77,10,N/A
N/A,SSS038_INC-2,21.75,16.72,36.31,10,N/A
N/A,SSS038_INC-3,22.11,17.08,36.3,10,N/A
N/A,SSS039_INC-1,18.75,13.95,40.32,10,N/A
N/A,SSS039_INC-2,18.07,13.48,36.84,10,N/A
N/A,SSS039_INC-3,18.03,13.27,37.66,10,N/A
N/A,SSS040_INC-1,22.08,15.94,35.66,10,N/A
N/A,SSS040_INC-2,24.21,17.21,36.3,10,N/A
N/A,SSS040_INC-3,21.36,15.86,36.06,10,N/A
N/A,SSS041_INC-1,23.54,17.91,35.59,10,N/A
N/A,SSS041_INC-2,22.96,17.43,35.55,10,N/A
N/A,SSS041_INC-3,24.97,18.9,35.67,10,N/A
N/A,SSS042_INC-1,24.15,19.1,34.86,10,N/A
N/A,SSS042_INC-2,24.27,18.97,35.19,10,N/A
N/A,SSS042_INC-3,23.12,18,35.82,10,N/A
N/A,SSS043_INC-1,23.68,18.07,36.67,10,N/A
N/A,SSS043_INC-2,20.69,15.85,36.56,10,N/A
N/A,SSS043_INC-3,22.33,17.4,35.98,10,N/A
N/A,SSS044_INC-1,24.58,17.94,35.32,10,N/A
N/A,SSS044_INC-2,22.24,16.31,35.69,10,N/A
N/A,SSS044_INC-3,22.04,16.07,36.13,10,N/A
N/A,SSS045_INC-1,22.15,16.25,35.94,10,N/A
N/A,SSS045_INC-2,22.1,16.32,36.54,10,N/A
N/A,SSS045_INC-3,21.33,16.04,36.37,10,N/A
N/A,SSS046_INC-1,19.77,15.34,36.01,10,N/A
N/A,SSS046_INC-2,21.64,16.67,36.01,10,N/A
N/A,SSS046_INC-3,21.58,16.31,36.55,10,N/A
N/A,SSS047_INC-1,20.87,15.19,36.54,10,N/A
N/A,SSS047_INC-2,23,16.2,36.43,10,N/A
N/A,SSS047_INC-3,20.85,14.81,37.42,10,N/A
N/A,SSS048_INC-1,23.74,18.22,35.79,10,N/A
N/A,SSS048_INC-2,22.18,17.01,35.69,10,N/A
N/A,SSS048_INC-3,22.44,18.05,35.43,10,N/A
N/A,CM_001_SED-1,9.98,7.71,2.27,-9999,N/A
N/A,CM_001_SED-2,10.04,7.8,2.24,-9999,N/A
N/A,CM_001_SED-3,10.05,7.74,2.31,-9999,N/A
N/A,CM_002_SED-1,9.99,6.65,3.34,-9999,N/A
N/A,CM_002_SED-2,9.98,6.75,3.23,-9999,N/A
N/A,CM_002_SED-3,10.02,6.73,3.29,-9999,N/A
N/A,CM_003_SED-1,10,7.83,2.17,-9999,N/A
N/A,CM_003_SED-2,9.95,7.84,2.11,-9999,N/A
N/A,CM_003_SED-3,9.95,7.74,2.21,-9999,N/A
N/A,CM_004_SED-1,9.98,7.62,2.36,-9999,N/A
N/A,CM_004_SED-2,10,7.45,2.55,-9999,N/A
N/A,CM_004_SED-3,9.98,7.63,2.35,-9999,N/A
N/A,CM_005_SED-1,10.02,7.49,2.53,-9999,N/A
N/A,CM_005_SED-2,9.99,7.43,2.56,-9999,N/A
N/A,CM_005_SED-3,9.96,7.4,2.56,-9999,N/A
N/A,CM_006_SED-1,9.94,6.17,3.77,-9999,N/A
N/A,CM_006_SED-2,10,6.32,3.68,-9999,N/A
N/A,CM_006_SED-3,9.93,6.45,3.48,-9999,N/A
N/A,CM_007_SED-1,10.05,8.04,2.01,-9999,N/A
N/A,CM_007_SED-2,10,8.03,1.97,-9999,N/A
N/A,CM_007_SED-3,10.02,7.99,2.03,-9999,N/A
N/A,CM_008_SED-1,10.05,5.49,4.56,-9999,N/A
N/A,CM_008_SED-2,9.99,5.6,4.39,-9999,N/A
N/A,CM_008_SED-3,9.98,5.63,4.35,-9999,N/A
N/A,CM_009_SED-1,9.96,7.37,2.59,-9999,N/A
N/A,CM_009_SED-2,10.05,6.99,3.06,-9999,N/A
N/A,CM_009_SED-3,10.02,7.36,2.66,-9999,N/A
N/A,CM_010_SED-1,10.06,8.25,1.81,-9999,N/A
N/A,CM_010_SED-2,10.05,8.34,1.71,-9999,N/A
N/A,CM_010_SED-3,9.98,8.19,1.79,-9999,N/A
N/A,CM_011_SED-1,10.07,5.79,4.28,-9999,N/A
N/A,CM_011_SED-2,10.05,4.87,5.18,-9999,N/A
N/A,CM_011_SED-3,10.06,5.31,4.75,-9999,N/A
N/A,CM_012_SED-1,10.08,6.26,3.82,-9999,N/A
N/A,CM_012_SED-2,10.09,6.22,3.87,-9999,N/A
N/A,CM_012_SED-3,10.09,6.61,3.48,-9999,N/A
N/A,CM_013_SED-1,10,7.61,2.39,-9999,N/A
N/A,CM_013_SED-2,9.97,7.55,2.42,-9999,N/A
N/A,CM_013_SED-3,10.1,7.72,2.38,-9999,N/A
N/A,CM_014_SED-1,10.03,7.6,2.43,-9999,N/A
N/A,CM_014_SED-2,10.01,7.66,2.35,-9999,N/A
N/A,CM_014_SED-3,9.99,7.72,2.27,-9999,N/A
N/A,CM_015_SED-1,10.02,8.09,1.93,-9999,N/A
N/A,CM_015_SED-2,10.04,8.16,1.88,-9999,N/A
N/A,CM_015_SED-3,9.99,8.11,1.88,-9999,N/A
N/A,CM_016_SED-1,10.06,5.83,4.23,-9999,N/A
N/A,CM_016_SED-2,10.09,5.85,4.24,-9999,N/A
N/A,CM_016_SED-3,10.01,6.01,4,-9999,N/A
N/A,CM_017_SED-1,10,7.29,2.71,-9999,N/A
N/A,CM_017_SED-2,9.96,7.51,2.45,-9999,N/A
N/A,CM_017_SED-3,10,7.54,2.46,-9999,N/A
N/A,CM_018_SED-1,10.01,8.44,1.57,-9999,N/A
N/A,CM_018_SED-2,10.04,8.46,1.58,-9999,N/A
N/A,CM_018_SED-3,10.02,8.33,1.69,-9999,N/A
N/A,CM_020_SED-1,10.06,8.27,1.79,-9999,N/A
N/A,CM_020_SED-2,10.02,8.24,1.78,-9999,N/A
N/A,CM_020_SED-3,9.95,8.22,1.73,-9999,N/A
N/A,CM_021_SED-1,9.95,7.87,2.08,-9999,N/A
N/A,CM_021_SED-2,10.02,7.98,2.04,-9999,N/A
N/A,CM_021_SED-3,10,8,2,-9999,N/A
N/A,CM_022_SED-1,9.98,7.57,2.41,-9999,N/A
N/A,CM_022_SED-2,10.07,7.71,2.36,-9999,N/A
N/A,CM_022_SED-3,10.01,7.65,2.36,-9999,N/A
N/A,CM_023_SED-1,10.06,6.31,3.75,-9999,N/A
N/A,CM_023_SED-2,10.06,6.42,3.64,-9999,N/A
N/A,CM_023_SED-3,10,6.24,3.76,-9999,N/A
N/A,CM_024_SED-1,10.05,8.18,1.87,-9999,N/A
N/A,CM_024_SED-2,10.01,8.12,1.89,-9999,N/A
N/A,CM_024_SED-3,10.02,8.16,1.86,-9999,N/A
N/A,CM_025_SED-1,-9999,-9999,-9999,-9999,VI_SED_003
N/A,CM_025_SED-2,-9999,-9999,-9999,-9999,VI_SED_003
N/A,CM_025_SED-3,-9999,-9999,-9999,-9999,VI_SED_003
N/A,CM_026_SED-1,-9999,-9999,-9999,-9999,VI_SED_003
N/A,CM_026_SED-2,-9999,-9999,-9999,-9999,VI_SED_003
N/A,CM_026_SED-3,-9999,-9999,-9999,-9999,VI_SED_003
N/A,CM_027_SED-1,10.05,7.3,2.75,-9999,N/A
N/A,CM_027_SED-2,10.01,6.93,3.08,-9999,N/A
N/A,CM_027_SED-3,10.01,6.9,3.11,-9999,N/A
N/A,CM_028_SED-1,10.1,8.21,1.89,-9999,N/A
N/A,CM_028_SED-2,10.01,8.09,1.92,-9999,N/A
N/A,CM_028_SED-3,10.05,8.13,1.92,-9999,N/A
N/A,CM_029_SED-1,-9999,-9999,-9999,-9999,VI_SED_003
N/A,CM_029_SED-2,-9999,-9999,-9999,-9999,VI_SED_003
N/A,CM_029_SED-3,-9999,-9999,-9999,-9999,VI_SED_003
N/A,CM_030_SED-1,-9999,-9999,-9999,-9999,VI_SED_003
N/A,CM_030_SED-2,-9999,-9999,-9999,-9999,VI_SED_003
N/A,CM_030_SED-3,-9999,-9999,-9999,-9999,VI_SED_003
N/A,CM_032_SED-1,10.02,5.14,4.88,-9999,N/A
N/A,CM_032_SED-2,10.06,5.01,5.05,-9999,N/A
N/A,CM_032_SED-3,10.04,4.96,5.08,-9999,N/A
N/A,CM_033_SED-1,10,8.23,1.77,-9999,N/A
N/A,CM_033_SED-2,9.99,8.1,1.89,-9999,N/A
N/A,CM_033_SED-3,10.01,8.08,1.93,-9999,N/A
N/A,CM_034_SED-1,10.07,7.38,2.69,-9999,N/A
N/A,CM_034_SED-2,10.1,7.48,2.62,-9999,N/A
N/A,CM_034_SED-3,10.03,7.4,2.63,-9999,N/A
N/A,CM_035_SED-1,9.99,6.67,3.32,-9999,N/A
N/A,CM_035_SED-2,9.98,6.53,3.45,-9999,N/A
N/A,CM_035_SED-3,9.94,6.77,3.17,-9999,N/A
N/A,CM_037_SED-1,10.01,8.01,2,-9999,N/A
N/A,CM_037_SED-2,10,8.12,1.88,-9999,N/A
N/A,CM_037_SED-3,10.02,7.96,2.06,-9999,N/A
N/A,CM_038_SED-1,10.01,8.32,1.69,-9999,N/A
N/A,CM_038_SED-2,9.98,8.29,1.69,-9999,N/A
N/A,CM_038_SED-3,10.07,8.43,1.64,-9999,N/A
N/A,CM_039_SED-1,10,7.85,2.15,-9999,N/A
N/A,CM_039_SED-2,9.95,7.66,2.29,-9999,N/A
N/A,CM_039_SED-3,9.97,7.4,2.57,-9999,N/A
N/A,CM_040_SED-1,10.05,6.85,3.2,-9999,N/A
N/A,CM_040_SED-2,10,6.89,3.11,-9999,N/A
N/A,CM_040_SED-3,9.97,6.8,3.17,-9999,N/A
N/A,CM_041_SED-1,10.06,7.1,2.96,-9999,N/A
N/A,CM_041_SED-2,10.05,7.06,2.99,-9999,N/A
N/A,CM_041_SED-3,9.94,6.83,3.11,-9999,N/A
N/A,CM_042_SED-1,10.07,7.09,2.98,-9999,N/A
N/A,CM_042_SED-2,10.01,6.93,3.08,-9999,N/A
N/A,CM_042_SED-3,9.98,6.86,3.12,-9999,N/A
N/A,CM_043_SED-1,10.04,8.15,1.89,-9999,N/A
N/A,CM_043_SED-2,10.01,8.14,1.87,-9999,N/A
N/A,CM_043_SED-3,10.05,8.1,1.95,-9999,N/A
N/A,CM_044_SED-1,9.95,8,1.95,-9999,N/A
N/A,CM_044_SED-2,9.98,7.96,2.02,-9999,N/A
N/A,CM_044_SED-3,10.04,8.04,2,-9999,N/A
N/A,CM_045_SED-1,10.01,8.04,1.97,-9999,N/A
N/A,CM_045_SED-2,10.04,7.95,2.09,-9999,N/A
N/A,CM_045_SED-3,10.05,7.94,2.11,-9999,N/A
N/A,CM_046_SED-1,10.01,7.25,2.76,-9999,N/A
N/A,CM_046_SED-2,9.99,7.24,2.75,-9999,N/A
N/A,CM_046_SED-3,10.01,7.35,2.66,-9999,N/A
N/A,CM_047_SED-1,10.05,7.62,2.43,-9999,N/A
N/A,CM_047_SED-2,10.06,7.65,2.41,-9999,N/A
N/A,CM_047_SED-3,10,7.57,2.43,-9999,N/A
N/A,CM_048_SED-1,10.07,8.04,2.03,-9999,N/A
N/A,CM_048_SED-2,10.09,8.15,1.94,-9999,N/A
N/A,CM_048_SED-3,10.05,8.22,1.83,-9999,N/A
N/A,CM_049_SED-1,10.43,7.7,2.73,-9999,N/A
N/A,CM_049_SED-2,9.95,7.3,2.65,-9999,N/A
N/A,CM_049_SED-3,10.09,7.55,2.54,-9999,N/A
N/A,CM_050_SED-1,10.06,6.14,3.92,-9999,N/A
N/A,CM_050_SED-2,10,6.02,3.98,-9999,N/A
N/A,CM_050_SED-3,10.07,5.77,4.3,-9999,N/A
N/A,CM_051_SED-1,10.06,7.24,2.82,-9999,N/A
N/A,CM_051_SED-2,10.08,7.31,2.77,-9999,N/A
N/A,CM_051_SED-3,10.05,7.26,2.79,-9999,N/A
N/A,CM_052_SED-1,10.03,6.23,3.8,-9999,N/A
N/A,CM_052_SED-2,10.04,6.2,3.84,-9999,N/A
N/A,CM_052_SED-3,10.02,6.19,3.83,-9999,N/A
N/A,CM_053_SED-1,9.97,6.54,3.43,-9999,N/A
N/A,CM_053_SED-2,9.99,6.67,3.32,-9999,N/A
N/A,CM_053_SED-3,10.03,6.6,3.43,-9999,N/A
N/A,CM_054_SED-1,10.02,6.55,3.47,-9999,N/A
N/A,CM_054_SED-2,9.96,6.51,3.45,-9999,N/A
N/A,CM_054_SED-3,9.98,6.67,3.31,-9999,N/A
N/A,CM_055_SED-1,10.06,6.78,3.28,-9999,N/A
N/A,CM_055_SED-2,10,6.73,3.27,-9999,N/A
N/A,CM_055_SED-3,10,6.75,3.25,-9999,N/A
N/A,CM_056_SED-1,9.98,7.99,1.99,-9999,N/A
N/A,CM_056_SED-2,10.05,8.02,2.03,-9999,N/A
N/A,CM_056_SED-3,10,7.66,2.34,-9999,N/A
N/A,CM_057_SED-1,10.06,8.13,1.93,-9999,N/A
N/A,CM_057_SED-2,9.98,8.47,1.51,-9999,N/A
N/A,CM_057_SED-3,10.05,8.1,1.95,-9999,N/A
N/A,CM_058_SED-1,10,7.96,2.04,-9999,N/A
N/A,CM_058_SED-2,10.03,8.07,1.96,-9999,N/A
N/A,CM_058_SED-3,10.05,8.17,1.88,-9999,N/A
N/A,CM_059_SED-1,10.08,7.93,2.15,-9999,N/A
N/A,CM_059_SED-2,10.04,7.77,2.27,-9999,N/A
N/A,CM_059_SED-3,9.98,7.92,2.06,-9999,N/A
N/A,CM_060_SED-1,10.06,8,2.06,-9999,N/A
N/A,CM_060_SED-2,10.06,8.08,1.98,-9999,N/A
N/A,CM_060_SED-3,10,7.95,2.05,-9999,N/A
N/A,CM_061_SED-1,9.96,8.05,1.91,-9999,N/A
N/A,CM_061_SED-2,10.01,7.97,2.04,-9999,N/A
N/A,CM_061_SED-3,10.02,8.1,1.92,-9999,N/A
N/A,CM_062_SED-1,9.94,7.96,1.98,-9999,N/A
N/A,CM_062_SED-2,10.03,7.79,2.24,-9999,N/A
N/A,CM_062_SED-3,10.02,7.87,2.15,-9999,N/A
N/A,CM_063_SED-1,10.04,8.11,1.93,-9999,N/A
N/A,CM_063_SED-2,10.01,8.06,1.95,-9999,N/A
N/A,CM_063_SED-3,9.98,8.08,1.9,-9999,N/A
N/A,CM_064_SED-1,10.08,7.86,2.22,-9999,N/A
N/A,CM_064_SED-2,10.04,7.7,2.34,-9999,N/A
N/A,CM_064_SED-3,9.99,7.61,2.38,-9999,N/A
N/A,CM_065_SED-1,10,7.68,2.32,-9999,N/A
N/A,CM_065_SED-2,10.03,7.75,2.28,-9999,N/A
N/A,CM_065_SED-3,9.99,7.61,2.38,-9999,N/A
N/A,CM_066_SED-1,9.95,8,1.95,-9999,N/A
N/A,CM_066_SED-2,9.96,7.94,2.02,-9999,N/A
N/A,CM_066_SED-3,10.01,8.38,1.63,-9999,N/A
N/A,CM_068_SED-1,10.04,4.92,5.12,-9999,N/A
N/A,CM_068_SED-2,10.08,4.93,5.15,-9999,N/A
N/A,CM_068_SED-3,10.03,4.83,5.2,-9999,N/A
N/A,CM_069_SED-1,10.04,7.69,2.35,-9999,N/A
N/A,CM_069_SED-2,10.04,7.86,2.18,-9999,N/A
N/A,CM_069_SED-3,10.05,7.67,2.38,-9999,N/A
N/A,CM_070_SED-1,10.04,7.46,2.58,-9999,N/A
N/A,CM_070_SED-2,10.09,7.53,2.56,-9999,N/A
N/A,CM_070_SED-3,10.07,7.5,2.57,-9999,N/A
N/A,CM_071_SED-1,10.09,5.39,4.7,-9999,N/A
N/A,CM_071_SED-2,10.09,5.46,4.63,-9999,N/A
N/A,CM_071_SED-3,10.04,5.53,4.51,-9999,N/A
N/A,CM_072_SED-1,10.08,5.03,5.05,-9999,N/A
N/A,CM_072_SED-2,10.09,4.94,5.15,-9999,N/A
N/A,CM_072_SED-3,10.1,4.9,5.2,-9999,N/A
N/A,CM_073_SED-1,10,8.06,1.94,-9999,N/A
N/A,CM_073_SED-2,9.99,8.11,1.88,-9999,N/A
N/A,CM_073_SED-3,10.01,8.05,1.96,-9999,N/A
N/A,CM_074_SED-1,9.99,7.98,2.01,-9999,N/A
N/A,CM_074_SED-2,10.01,7.91,2.1,-9999,N/A
N/A,CM_074_SED-3,10,7.99,2.01,-9999,N/A
N/A,CM_075_SED-1,9.97,7.17,2.8,-9999,N/A
N/A,CM_075_SED-2,10.02,8.02,2,-9999,N/A
N/A,CM_075_SED-3,10.09,7.36,2.73,-9999,N/A
N/A,CM_076_SED-1,10.07,7.5,2.57,-9999,N/A
N/A,CM_076_SED-2,10.06,7.45,2.61,-9999,N/A
N/A,CM_076_SED-3,9.96,7.65,2.31,-9999,N/A
N/A,CM_077_SED-1,10.06,7.87,2.19,-9999,N/A
N/A,CM_077_SED-2,10.05,7.71,2.34,-9999,N/A
N/A,CM_077_SED-3,10.08,7.7,2.38,-9999,N/A
N/A,CM_078_SED-1,9.95,6.16,3.79,-9999,N/A
N/A,CM_078_SED-2,10.05,6.24,3.81,-9999,N/A
N/A,CM_078_SED-3,9.96,6.21,3.75,-9999,N/A
N/A,CM_079_SED-1,10,7.82,2.18,-9999,N/A
N/A,CM_079_SED-2,10,7.81,2.19,-9999,N/A
N/A,CM_079_SED-3,9.99,7.67,2.32,-9999,N/A
N/A,CM_080_SED-1,10.09,3.02,7.07,-9999,N/A
N/A,CM_080_SED-2,9.99,3.21,6.78,-9999,N/A
N/A,CM_080_SED-3,10.09,2.91,7.18,-9999,N/A
N/A,CM_081_SED-1,10.09,7.57,2.52,-9999,N/A
N/A,CM_081_SED-2,10.06,7.53,2.53,-9999,N/A
N/A,CM_081_SED-3,10.09,7.58,2.51,-9999,N/A
N/A,CM_082_SED-1,10.03,7.59,2.44,-9999,N/A
N/A,CM_082_SED-2,10.02,7.45,2.57,-9999,N/A
N/A,CM_082_SED-3,9.99,7.59,2.4,-9999,N/A
N/A,CM_083_SED-1,10.04,7.66,2.38,-9999,N/A
N/A,CM_083_SED-2,10.06,7.64,2.42,-9999,N/A
N/A,CM_083_SED-3,10,7.72,2.28,-9999,N/A
N/A,CM_084_SED-1,9.96,7.23,2.73,-9999,N/A
N/A,CM_084_SED-2,10.07,7.5,2.57,-9999,N/A
N/A,CM_084_SED-3,9.98,7.27,2.71,-9999,N/A
N/A,CM_085_SED-1,10.08,7.37,2.71,-9999,N/A
N/A,CM_085_SED-2,10.01,7.45,2.56,-9999,N/A
N/A,CM_085_SED-3,10.06,7.33,2.73,-9999,N/A
N/A,CM_086_SED-1,10.01,5.86,4.15,-9999,N/A
N/A,CM_086_SED-2,10.08,5.92,4.16,-9999,N/A
N/A,CM_086_SED-3,10.04,5.86,4.18,-9999,N/A
N/A,CM_087_SED-1,10.03,6.77,3.26,-9999,N/A
N/A,CM_087_SED-2,10.05,6.77,3.28,-9999,N/A
N/A,CM_087_SED-3,9.98,6.6,3.38,-9999,N/A
N/A,CM_088_SED-1,10.08,6.81,3.27,-9999,N/A
N/A,CM_088_SED-2,10.07,6.8,3.27,-9999,N/A
N/A,CM_088_SED-3,10.08,6.8,3.28,-9999,N/A
N/A,CM_089_SED-1,10,7.71,2.29,-9999,N/A
N/A,CM_089_SED-2,9.99,7.71,2.28,-9999,N/A
N/A,CM_089_SED-3,10.03,7.83,2.2,-9999,N/A
N/A,CM_090_SED-1,10.09,8.35,1.74,-9999,N/A
N/A,CM_090_SED-2,10.04,8.33,1.71,-9999,N/A
N/A,CM_090_SED-3,10.07,8.37,1.7,-9999,N/A
N/A,CM_091_SED-1,10.02,7.61,2.41,-9999,N/A
N/A,CM_091_SED-2,10.08,7.79,2.29,-9999,N/A
N/A,CM_091_SED-3,10.05,7.79,2.26,-9999,N/A
N/A,CM_092_SED-1,10.07,8.34,1.73,-9999,N/A
N/A,CM_092_SED-2,10.03,8.28,1.75,-9999,N/A
N/A,CM_092_SED-3,10.01,8.34,1.67,-9999,N/A
N/A,CM_093_SED-1,10.06,8.21,1.85,-9999,N/A
N/A,CM_093_SED-2,9.97,8.1,1.87,-9999,N/A
N/A,CM_093_SED-3,9.98,8.14,1.84,-9999,N/A
N/A,CM_094_SED-1,10.06,7.67,2.39,-9999,N/A
N/A,CM_094_SED-2,9.99,7.64,2.35,-9999,N/A
N/A,CM_094_SED-3,10,7.64,2.36,-9999,N/A
N/A,CM_095_SED-1,10.08,6.39,3.69,-9999,N/A
N/A,CM_095_SED-2,10.07,6.37,3.7,-9999,N/A
N/A,CM_095_SED-3,10.07,6.29,3.78,-9999,N/A
N/A,CM_096_SED-1,10,7.77,2.23,-9999,N/A
N/A,CM_096_SED-2,9.99,7.78,2.21,-9999,N/A
N/A,CM_096_SED-3,10,7.79,2.21,-9999,N/A
N/A,CM_097_SED-1,10.02,8.52,1.5,-9999,N/A
N/A,CM_097_SED-2,10.01,8.46,1.55,-9999,N/A
N/A,CM_097_SED-3,10.04,8.52,1.52,-9999,N/A
N/A,CM_098_SED-1,10.02,5.17,4.85,-9999,N/A
N/A,CM_098_SED-2,9.97,5.35,4.62,-9999,N/A
N/A,CM_098_SED-3,9.98,5.16,4.82,-9999,N/A
N/A,CM_099_SED-1,10.08,3.34,6.74,-9999,N/A
N/A,CM_099_SED-2,9.97,3.43,6.54,-9999,N/A
N/A,CM_099_SED-3,10.07,3.31,6.76,-9999,N/A
N/A,CM_100_SED-1,10,7.6,2.4,-9999,N/A
N/A,CM_100_SED-2,10.04,7.59,2.45,-9999,N/A
N/A,CM_100_SED-3,10.03,7.64,2.39,-9999,N/A
N/A,CM_101_SED-1,10.02,7.89,2.13,-9999,N/A
N/A,CM_101_SED-2,9.97,7.71,2.26,-9999,N/A
N/A,CM_101_SED-3,9.99,7.8,2.19,-9999,N/A
N/A,CM_102_SED-1,10.03,7.91,2.12,-9999,N/A
N/A,CM_102_SED-2,10.02,7.97,2.05,-9999,N/A
N/A,CM_102_SED-3,9.97,7.97,2,-9999,N/A
N/A,CM_103_SED-1,10.06,6.51,3.55,-9999,N/A
N/A,CM_103_SED-2,10,6.53,3.47,-9999,N/A
N/A,CM_103_SED-3,10.04,6.54,3.5,-9999,N/A
N/A,CM_104_SED-1,10.07,5.89,4.18,-9999,N/A
N/A,CM_104_SED-2,10,5.81,4.19,-9999,N/A
N/A,CM_104_SED-3,10.04,5.87,4.17,-9999,N/A
N/A,CM_105_SED-1,10.07,7.39,2.68,-9999,N/A
N/A,CM_105_SED-2,10.07,7.38,2.69,-9999,N/A
N/A,CM_105_SED-3,10.04,7.32,2.72,-9999,N/A
N/A,CM_106_SED-1,10.04,6.13,3.91,-9999,N/A
N/A,CM_106_SED-2,9.96,6.1,3.86,-9999,N/A
N/A,CM_106_SED-3,10.08,6.13,3.95,-9999,N/A
N/A,CM_107_SED-1,10.03,8.37,1.66,-9999,N/A
N/A,CM_107_SED-2,10.02,8.31,1.71,-9999,N/A
N/A,CM_107_SED-3,9.98,8.39,1.59,-9999,N/A
N/A,CM_108_SED-1,10.04,7.84,2.2,-9999,N/A
N/A,CM_108_SED-2,10.04,7.78,2.26,-9999,N/A
N/A,CM_108_SED-3,9.98,7.86,2.12,-9999,N/A
N/A,CM_109_SED-1,10.01,7.87,2.14,-9999,N/A
N/A,CM_109_SED-2,10.03,7.94,2.09,-9999,N/A
N/A,CM_109_SED-3,9.98,7.89,2.09,-9999,N/A
N/A,CM_110_SED-1,10.09,7.98,2.11,-9999,N/A
N/A,CM_110_SED-2,10.02,7.9,2.12,-9999,N/A
N/A,CM_110_SED-3,10.03,7.86,2.17,-9999,N/A
N/A,CM_111_SED-1,9.97,8.34,1.63,-9999,N/A
N/A,CM_111_SED-2,10.05,8.43,1.62,-9999,N/A
N/A,CM_111_SED-3,10.05,8.41,1.64,-9999,N/A
N/A,CM_112_SED-1,10.08,8.4,1.68,-9999,N/A
N/A,CM_112_SED-2,9.97,8.21,1.76,-9999,N/A
N/A,CM_112_SED-3,10.09,8.4,1.69,-9999,N/A
N/A,CM_113_SED-1,10,7.81,2.19,-9999,N/A
N/A,CM_113_SED-2,10.05,7.76,2.29,-9999,N/A
N/A,CM_113_SED-3,10.02,7.68,2.34,-9999,N/A
N/A,CM_114_SED-1,9.98,5.53,4.45,-9999,N/A
N/A,CM_114_SED-2,10.04,5.83,4.21,-9999,N/A
N/A,CM_114_SED-3,10.05,5.98,4.07,-9999,N/A
N/A,CM_115_SED-1,10.08,7.99,2.09,-9999,N/A
N/A,CM_115_SED-2,10.06,7.95,2.11,-9999,N/A
N/A,CM_115_SED-3,10.05,7.9,2.15,-9999,N/A
N/A,CM_116_SED-1,10,7.51,2.49,-9999,N/A
N/A,CM_116_SED-2,10.06,7.48,2.58,-9999,N/A
N/A,CM_116_SED-3,9.98,7.69,2.29,-9999,N/A
N/A,CM_117_SED-1,10.05,6.85,3.2,-9999,N/A
N/A,CM_117_SED-2,10.04,6.85,3.19,-9999,N/A
N/A,CM_117_SED-3,10.08,6.94,3.14,-9999,N/A
N/A,SSS001_SED-1,9.94,6.47,3.47,-9999,N/A
N/A,SSS001_SED-2,10.03,5.55,4.48,-9999,N/A
N/A,SSS001_SED-3,10,5.92,4.08,-9999,N/A
N/A,SSS002_SED-1,10.02,7.73,2.29,-9999,N/A
N/A,SSS002_SED-2,10.01,6.91,3.1,-9999,N/A
N/A,SSS002_SED-3,10.02,7.62,2.4,-9999,N/A
N/A,SSS003_SED-1,10.06,6.92,3.14,-9999,N/A
N/A,SSS003_SED-2,10.04,7.31,2.73,-9999,N/A
N/A,SSS003_SED-3,10.08,6.95,3.13,-9999,N/A
N/A,SSS004_SED-1,9.97,5.68,4.29,-9999,N/A
N/A,SSS004_SED-2,9.96,5.23,4.73,-9999,N/A
N/A,SSS004_SED-3,10.03,5.8,4.23,-9999,N/A
N/A,SSS005_SED-1,9.96,6.78,3.18,-9999,N/A
N/A,SSS005_SED-2,10.02,7.15,2.87,-9999,N/A
N/A,SSS005_SED-3,10.01,6.98,3.03,-9999,N/A
N/A,SSS006_SED-1,10.01,6.51,3.5,-9999,N/A
N/A,SSS006_SED-2,10.01,6.58,3.43,-9999,N/A
N/A,SSS006_SED-3,10.06,5.89,4.17,-9999,N/A
N/A,SSS007_SED-1,9.93,7.44,2.49,-9999,N/A
N/A,SSS007_SED-2,9.97,7.48,2.49,-9999,N/A
N/A,SSS007_SED-3,9.98,7.62,2.36,-9999,N/A
N/A,SSS008_SED-1,10.05,4.63,5.42,-9999,N/A
N/A,SSS008_SED-2,9.99,4.58,5.41,-9999,N/A
N/A,SSS008_SED-3,10.03,4.71,5.32,-9999,N/A
N/A,SSS009_SED-1,10.01,7.67,2.34,-9999,N/A
N/A,SSS009_SED-2,9.95,7.67,2.28,-9999,N/A
N/A,SSS009_SED-3,10.05,7.59,2.46,-9999,N/A
N/A,SSS010_SED-1,9.98,7.72,2.26,-9999,N/A
N/A,SSS010_SED-2,9.97,7.7,2.27,-9999,N/A
N/A,SSS010_SED-3,9.95,7.83,2.12,-9999,N/A
N/A,SSS011_SED-1,9.99,7.41,2.58,-9999,N/A
N/A,SSS011_SED-2,10.08,7.24,2.84,-9999,N/A
N/A,SSS011_SED-3,10.01,7.4,2.61,-9999,N/A
N/A,SSS012_SED-1,9.92,6.04,3.88,-9999,N/A
N/A,SSS012_SED-2,9.99,5,4.99,-9999,N/A
N/A,SSS012_SED-3,10.08,5.98,4.1,-9999,N/A
N/A,SSS013_SED-1,10.08,6.87,3.21,-9999,N/A
N/A,SSS013_SED-2,10.04,6.81,3.23,-9999,N/A
N/A,SSS013_SED-3,10.01,6.48,3.53,-9999,N/A
N/A,SSS014_SED-1,10.05,7.16,2.89,-9999,N/A
N/A,SSS014_SED-2,9.95,7.36,2.59,-9999,N/A
N/A,SSS014_SED-3,9.98,7.08,2.9,-9999,N/A
N/A,SSS015_SED-1,9.98,7.35,2.63,-9999,N/A
N/A,SSS015_SED-2,9.98,7.28,2.7,-9999,N/A
N/A,SSS015_SED-3,10,7.26,2.74,-9999,N/A
N/A,SSS016_SED-1,9.98,4.27,5.71,-9999,N/A
N/A,SSS016_SED-2,9.99,4.32,5.67,-9999,N/A
N/A,SSS016_SED-3,10.04,4.65,5.39,-9999,N/A
N/A,SSS017_SED-1,9.94,7.97,1.97,-9999,N/A
N/A,SSS017_SED-2,9.99,7.76,2.23,-9999,N/A
N/A,SSS017_SED-3,10.07,8.02,2.05,-9999,N/A
N/A,SSS018_SED-1,10.09,7.85,2.24,-9999,N/A
N/A,SSS018_SED-2,9.92,7.91,2.01,-9999,N/A
N/A,SSS018_SED-3,10,7.79,2.21,-9999,N/A
N/A,SSS019_SED-1,9.97,6.55,3.42,-9999,N/A
N/A,SSS019_SED-2,10,6.79,3.21,-9999,N/A
N/A,SSS019_SED-3,9.96,6.57,3.39,-9999,N/A
N/A,SSS020_SED-1,10.03,7,3.03,-9999,N/A
N/A,SSS020_SED-2,10.02,6.89,3.13,-9999,N/A
N/A,SSS020_SED-3,10.02,6.78,3.24,-9999,N/A
N/A,SSS021_SED-1,9.99,6.55,3.44,-9999,N/A
N/A,SSS021_SED-2,10.03,6.43,3.6,-9999,N/A
N/A,SSS021_SED-3,9.92,6.7,3.22,-9999,N/A
N/A,SSS022_SED-1,9.98,7.64,2.34,-9999,N/A
N/A,SSS022_SED-2,10.08,7.77,2.31,-9999,N/A
N/A,SSS022_SED-3,9.96,7.49,2.47,-9999,N/A
N/A,SSS023_SED-1,10,5.71,4.29,-9999,N/A
N/A,SSS023_SED-2,10.04,6.39,3.65,-9999,N/A
N/A,SSS023_SED-3,10.01,5.46,4.55,-9999,N/A
N/A,SSS024_SED-1,10.07,6.54,3.53,-9999,N/A
N/A,SSS024_SED-2,10.02,6.41,3.61,-9999,N/A
N/A,SSS024_SED-3,10.07,6.45,3.62,-9999,N/A
N/A,SSS025_SED-1,10.03,6.87,3.16,-9999,N/A
N/A,SSS025_SED-2,10.05,6.99,3.06,-9999,N/A
N/A,SSS025_SED-3,9.98,6.91,3.07,-9999,N/A
N/A,SSS026_SED-1,10.01,7.3,2.71,-9999,N/A
N/A,SSS026_SED-2,9.97,7.25,2.72,-9999,N/A
N/A,SSS026_SED-3,10.04,7.32,2.72,-9999,N/A
N/A,SSS027_SED-1,9.96,7.05,2.91,-9999,N/A
N/A,SSS027_SED-2,10.03,7.06,2.97,-9999,N/A
N/A,SSS027_SED-3,9.94,7.07,2.87,-9999,N/A
N/A,SSS028_SED-1,10.01,7.18,2.83,-9999,N/A
N/A,SSS028_SED-2,10.02,7.28,2.74,-9999,N/A
N/A,SSS028_SED-3,9.94,7.24,2.7,-9999,N/A
N/A,SSS029_SED-1,10.02,7.91,2.11,-9999,N/A
N/A,SSS029_SED-2,10.05,7.88,2.17,-9999,N/A
N/A,SSS029_SED-3,10.07,7.85,2.22,-9999,N/A
N/A,SSS030_SED-1,9.94,7.72,2.22,-9999,N/A
N/A,SSS030_SED-2,10.03,7.66,2.37,-9999,N/A
N/A,SSS030_SED-3,10.03,7.69,2.34,-9999,N/A
N/A,SSS031_SED-1,10.08,7.75,2.33,-9999,N/A
N/A,SSS031_SED-2,10.05,7.86,2.19,-9999,N/A
N/A,SSS031_SED-3,10.09,7.81,2.28,-9999,N/A
N/A,SSS032_SED-1,10.03,7.2,2.83,-9999,N/A
N/A,SSS032_SED-2,10,7.16,2.84,-9999,N/A
N/A,SSS032_SED-3,9.99,7.04,2.95,-9999,N/A
N/A,SSS033_SED-1,10.01,7.76,2.25,-9999,N/A
N/A,SSS033_SED-2,10.04,7.99,2.05,-9999,N/A
N/A,SSS033_SED-3,10.06,7.91,2.15,-9999,N/A
N/A,SSS034_SED-1,9.96,7.68,2.28,-9999,N/A
N/A,SSS034_SED-2,10.07,7.64,2.43,-9999,N/A
N/A,SSS034_SED-3,9.97,7.64,2.33,-9999,N/A
N/A,SSS035_SED-1,10.08,7.81,2.27,-9999,N/A
N/A,SSS035_SED-2,9.96,7.65,2.31,-9999,N/A
N/A,SSS035_SED-3,9.95,7.7,2.25,-9999,N/A
N/A,SSS036_SED-1,9.96,7.58,2.38,-9999,N/A
N/A,SSS036_SED-2,9.99,7.63,2.36,-9999,N/A
N/A,SSS036_SED-3,9.94,7.75,2.19,-9999,N/A
N/A,SSS037_SED-1,9.96,7.19,2.77,-9999,N/A
N/A,SSS037_SED-2,9.99,7.2,2.79,-9999,N/A
N/A,SSS037_SED-3,9.95,7.14,2.81,-9999,N/A
N/A,SSS038_SED-1,9.98,7.47,2.51,-9999,N/A
N/A,SSS038_SED-2,9.99,7.67,2.32,-9999,N/A
N/A,SSS038_SED-3,9.94,7.71,2.23,-9999,N/A
N/A,SSS039_SED-1,9.98,7.35,2.63,-9999,N/A
N/A,SSS039_SED-2,10.02,7.49,2.53,-9999,N/A
N/A,SSS039_SED-3,9.99,7.55,2.44,-9999,N/A
N/A,SSS040_SED-1,10.02,7.39,2.63,-9999,N/A
N/A,SSS040_SED-2,10.06,7.34,2.72,-9999,N/A
N/A,SSS040_SED-3,10.04,7.29,2.75,-9999,N/A
N/A,SSS041_SED-1,9.95,7.56,2.39,-9999,N/A
N/A,SSS041_SED-2,10,7.71,2.29,-9999,N/A
N/A,SSS041_SED-3,10.04,7.59,2.45,-9999,N/A
N/A,SSS042_SED-1,10,7.71,2.29,-9999,N/A
N/A,SSS042_SED-2,10.06,7.86,2.2,-9999,N/A
N/A,SSS042_SED-3,9.96,7.73,2.23,-9999,N/A
N/A,SSS043_SED-1,9.96,7.88,2.08,-9999,N/A
N/A,SSS043_SED-2,10.09,7.9,2.19,-9999,N/A
N/A,SSS043_SED-3,9.94,7.76,2.18,-9999,N/A
N/A,SSS044_SED-1,10.04,7.38,2.66,-9999,N/A
N/A,SSS044_SED-2,10.07,7.44,2.63,-9999,N/A
N/A,SSS044_SED-3,9.97,7.29,2.68,-9999,N/A
N/A,SSS045_SED-1,10,7.67,2.33,-9999,N/A
N/A,SSS045_SED-2,10.05,7.63,2.42,-9999,N/A
N/A,SSS045_SED-3,9.96,7.58,2.38,-9999,N/A
N/A,SSS046_SED-1,10.01,7.64,2.37,-9999,N/A
N/A,SSS046_SED-2,9.96,7.54,2.42,-9999,N/A
N/A,SSS046_SED-3,10.05,7.74,2.31,-9999,N/A
N/A,SSS047_SED-1,10.04,7.57,2.47,-9999,N/A
N/A,SSS047_SED-2,10.03,7.69,2.34,-9999,N/A
N/A,SSS047_SED-3,10.02,7.3,2.72,-9999,N/A
N/A,SSS048_SED-1,10,7.93,2.07,-9999,N/A
N/A,SSS048_SED-2,10.01,7.97,2.04,-9999,N/A
N/A,SSS048_SED-3,9.94,7.87,2.07,-9999,N/A
#End_Data,,,,,,
